depth,width,epoch,loss_train,loss_test
4,10,10,16.93497085571289,20.909379959106445
4,10,20,16.744033813476562,20.888410568237305
4,10,30,16.56024742126465,20.871219635009766
4,10,40,16.40645408630371,20.869556427001953
4,10,50,16.234962463378906,20.869125366210938
4,10,60,16.033626556396484,20.86651039123535
4,10,70,15.790785789489746,20.85137367248535
4,10,80,15.471013069152832,20.812942504882812
4,10,90,15.04380989074707,20.7578125
