{
 "2": {
  "1": 20.804235458374023
 },
 "3": {
  "1": 21.53535270690918
 }
}